{
  "Back": {
    "Bottom_back": 0.19937028556034483,
    "Front_back": 0.19974070581896552,
    "Left_back": 0.2012223868534483,
    "Right_back": 0.20033001077586207,
    "Top_back": 0.1993366109913793
  },
  "Bottom": {
    "Back_back": 0.198828125,
    "Front_back": 0.199755859375,
    "Left_back": 0.201171875,
    "Right_back": 0.20017903645833332,
    "Top_back": 0.20006510416666667
  },
  "Front": {
    "Back_back": 0.19947130926724138,
    "Bottom_back": 0.20017847521551724,
    "Left_back": 0.19903353987068967,
    "Right_back": 0.20090247844827586,
    "Top_back": 0.2003973599137931
  },
  "Left": {
    "Back_back": 0.2005152209051724,
    "Bottom_back": 0.19963968211206898,
    "Front_back": 0.20107085129310345,
    "Right_back": 0.1995049838362069,
    "Top_back": 0.1992692618534483
  },
  "Right": {
    "Back_back": 0.20082310267857142,
    "Bottom_back": 0.20024762834821427,
    "Front_back": 0.19886997767857142,
    "Left_back": 0.19956752232142858,
    "Top_back": 0.20049176897321427
  },
  "Top": {
    "Back_back": 0.200408935546875,
    "Bottom_back": 0.1989288330078125,
    "Front_back": 0.20025634765625,
    "Left_back": 0.199432373046875,
    "Right_back": 0.2009735107421875
  }
}