{
  "Back": {
    "Bottom_back": 0.2,
    "Front_back": 0.200107421875,
    "Left_back": 0.200400390625,
    "Right_back": 0.20002685546875,
    "Top_back": 0.19946533203125
  },
  "Bottom": {
    "Back_back": 0.1994482421875,
    "Front_back": 0.20003662109375,
    "Left_back": 0.20041259765625,
    "Right_back": 0.1999853515625,
    "Top_back": 0.2001171875
  },
  "Front": {
    "Back_back": 0.199873046875,
    "Bottom_back": 0.2002734375,
    "Left_back": 0.1998974609375,
    "Right_back": 0.19952880859375,
    "Top_back": 0.20042724609375
  },
  "Left": {
    "Back_back": 0.2000439453125,
    "Bottom_back": 0.20004150390625,
    "Front_back": 0.200390625,
    "Right_back": 0.2000732421875,
    "Top_back": 0.19945068359375
  },
  "Right": {
    "Back_back": 0.19953857421875,
    "Bottom_back": 0.20030517578125,
    "Front_back": 0.19981201171875,
    "Left_back": 0.19997314453125,
    "Top_back": 0.20037109375
  },
  "Top": {
    "Back_back": 0.2004541015625,
    "Bottom_back": 0.19978271484375,
    "Front_back": 0.200244140625,
    "Left_back": 0.19994384765625,
    "Right_back": 0.1995751953125
  }
}