{
  "east_side_0": {
    "Sky": 0.26887900448409763
  },
  "east_side_1": {
    "Sky": 0.2766627152895182
  },
  "east_side_2": {
    "Sky": 0.2939988947350726
  },
  "east_side_3": {
    "Sky": 0.33764792899408286
  },
  "east_side_4": {
    "Sky": 0.43349487384944113
  },
  "road": {
    "Sky": 0.4794504726080247
  },
  "west_side_0": {
    "Sky": 0.26881379437869823
  },
  "west_side_1": {
    "Sky": 0.2765121116863905
  },
  "west_side_2": {
    "Sky": 0.2941720599112426
  },
  "west_side_3": {
    "Sky": 0.3375670303254438
  },
  "west_side_4": {
    "Sky": 0.4330571771978022
  }
}