{
  "east_side_0": {
    "Sky": 0.2687028476331361
  },
  "east_side_1": {
    "Sky": 0.2764011649408284
  },
  "east_side_2": {
    "Sky": 0.2940486316568047
  },
  "east_side_3": {
    "Sky": 0.3374953772189349
  },
  "east_side_4": {
    "Sky": 0.4333815643491124
  },
  "road": {
    "Sky": 0.4794504726080247
  },
  "west_side_0": {
    "Sky": 0.26881379437869823
  },
  "west_side_1": {
    "Sky": 0.2765121116863905
  },
  "west_side_2": {
    "Sky": 0.2941720599112426
  },
  "west_side_3": {
    "Sky": 0.3375531619822485
  },
  "west_side_4": {
    "Sky": 0.433254900147929
  }
}