{
  "east_side_0": {
    "Sky": 0.2687615250571884
  },
  "east_side_1": {
    "Sky": 0.2764520191898555
  },
  "east_side_2": {
    "Sky": 0.29412930888323924
  },
  "east_side_3": {
    "Sky": 0.3375766734623184
  },
  "east_side_4": {
    "Sky": 0.43337032184614455
  },
  "road": {
    "Sky": 0.47943449234268876
  },
  "west_side_0": {
    "Sky": 0.26877020957062914
  },
  "west_side_1": {
    "Sky": 0.2764591481747552
  },
  "west_side_2": {
    "Sky": 0.29412970575787606
  },
  "west_side_3": {
    "Sky": 0.3375793608881378
  },
  "west_side_4": {
    "Sky": 0.4333197575786403
  }
}