{
  "east_side_0": {
    "Sky": 0.26876254439421177
  },
  "east_side_1": {
    "Sky": 0.27645201123713314
  },
  "east_side_2": {
    "Sky": 0.29412934323174966
  },
  "east_side_3": {
    "Sky": 0.33757668265159213
  },
  "east_side_4": {
    "Sky": 0.43337028448149423
  },
  "road": {
    "Sky": 0.4794344847577078
  },
  "west_side_0": {
    "Sky": 0.26877015882851146
  },
  "west_side_1": {
    "Sky": 0.27645908581444234
  },
  "west_side_2": {
    "Sky": 0.2941296351940883
  },
  "west_side_3": {
    "Sky": 0.3375793265069767
  },
  "west_side_4": {
    "Sky": 0.4333197300527792
  }
}