{
  "east_side_0": {
    "road_front": 0.5375047882455253,
    "west_side_0_front": 0.18299535368357392,
    "west_side_1_front": 0.1562398823412971,
    "west_side_2_front": 0.07410811402700454,
    "west_side_3_front": 0.03178434946183595,
    "west_side_4_front": 0.017367512215629426
  },
  "east_side_1": {
    "road_front": 0.2518027587240555,
    "west_side_0_front": 0.15601791780064772,
    "west_side_1_front": 0.2577877728839244,
    "west_side_2_front": 0.1941924880501455,
    "west_side_3_front": 0.0932922646669469,
    "west_side_4_front": 0.04690679782521174
  },
  "east_side_2": {
    "road_front": 0.11346206520240514,
    "west_side_0_front": 0.07392938335611905,
    "west_side_1_front": 0.19377446357662612,
    "west_side_2_front": 0.2821734241146983,
    "west_side_3_front": 0.21535215468149932,
    "west_side_4_front": 0.12130850899833749
  },
  "east_side_3": {
    "road_front": 0.05807663316589038,
    "west_side_0_front": 0.03191856071699874,
    "west_side_1_front": 0.09308367863433441,
    "west_side_2_front": 0.21510073791868928,
    "west_side_3_front": 0.3177379980627105,
    "west_side_4_front": 0.28408239141562264
  },
  "east_side_4": {
    "road_front": 0.039153754337615164,
    "west_side_0_front": 0.017426615596252984,
    "west_side_1_front": 0.047130909442318854,
    "west_side_2_front": 0.1212406519741667,
    "west_side_3_front": 0.283748899856795,
    "west_side_4_front": 0.49129916869857393
  },
  "road": {
    "east_side_0_front": 0.2687523941227626,
    "east_side_1_front": 0.12590137936202775,
    "east_side_2_front": 0.05673103260120257,
    "east_side_3_front": 0.02903831658294519,
    "east_side_4_front": 0.019576877168807582,
    "west_side_0_front": 0.2688560844357592,
    "west_side_1_front": 0.12599164658527176,
    "west_side_2_front": 0.05659229199280465,
    "west_side_3_front": 0.029042166677978338,
    "west_side_4_front": 0.019517810470459737
  },
  "west_side_0": {
    "east_side_0_front": 0.18299535368357392,
    "east_side_1_front": 0.15601791780064772,
    "east_side_2_front": 0.07392938335611904,
    "east_side_3_front": 0.03191856071699874,
    "east_side_4_front": 0.017426615596252984,
    "road_front": 0.5377121688715184
  },
  "west_side_1": {
    "east_side_0_front": 0.15623988234129713,
    "east_side_1_front": 0.25778777288392435,
    "east_side_2_front": 0.19377446357662612,
    "east_side_3_front": 0.09308367863433441,
    "east_side_4_front": 0.04713090944231885,
    "road_front": 0.2519832931705435
  },
  "west_side_2": {
    "east_side_0_front": 0.07410811402700454,
    "east_side_1_front": 0.1941924880501455,
    "east_side_2_front": 0.2821734241146983,
    "east_side_3_front": 0.21510073791868928,
    "east_side_4_front": 0.1212406519741667,
    "road_front": 0.1131845839856093
  },
  "west_side_3": {
    "east_side_0_front": 0.031784349461835955,
    "east_side_1_front": 0.0932922646669469,
    "east_side_2_front": 0.21535215468149932,
    "east_side_3_front": 0.31773799806271064,
    "east_side_4_front": 0.283748899856795,
    "road_front": 0.058084333355956703
  },
  "west_side_4": {
    "east_side_0_front": 0.017367512215629426,
    "east_side_1_front": 0.04690679782521174,
    "east_side_2_front": 0.1213085089983375,
    "east_side_3_front": 0.28408239141562264,
    "east_side_4_front": 0.49129916869857393,
    "road_front": 0.039035620940919474
  }
}