{
  "east_side_0": {
    "road_front": 0.307895821200539,
    "west_side_0_front": 0.13330851080858652,
    "west_side_1_front": 0.0957821729589989,
    "west_side_2_front": 0.043445223441211205,
    "west_side_3_front": 0.017677290202574844,
    "west_side_4_front": 0.007692268086223997
  },
  "east_side_1": {
    "road_front": 0.12157277234758763,
    "west_side_0_front": 0.09575886742862655,
    "west_side_1_front": 0.13330867648750097,
    "west_side_2_front": 0.09578199453555256,
    "west_side_3_front": 0.04344605820804949,
    "west_side_4_front": 0.017676538275193797
  },
  "east_side_2": {
    "road_front": 0.05222710248041562,
    "west_side_0_front": 0.04344340760030864,
    "west_side_1_front": 0.09575192572425645,
    "west_side_2_front": 0.13330796523731755,
    "west_side_3_front": 0.09578182318640144,
    "west_side_4_front": 0.04344640533453652
  },
  "east_side_3": {
    "road_front": 0.025236938757536225,
    "west_side_0_front": 0.017670060522762345,
    "west_side_1_front": 0.04344635409359802,
    "west_side_2_front": 0.09575371073414027,
    "west_side_3_front": 0.13330763956322583,
    "west_side_4_front": 0.0957814783550102
  },
  "east_side_4": {
    "road_front": 0.013631625513722148,
    "west_side_0_front": 0.007694691599151235,
    "west_side_1_front": 0.017668063373901047,
    "west_side_2_front": 0.04344827951853711,
    "west_side_3_front": 0.0957527442083287,
    "west_side_4_front": 0.13330778643585545
  },
  "road": {
    "east_side_0_front": 0.1539479106002695,
    "east_side_1_front": 0.06078638617379382,
    "east_side_2_front": 0.02611355124020781,
    "east_side_3_front": 0.012618469378768113,
    "east_side_4_front": 0.006815812756861074,
    "west_side_0_front": 0.15394594244309415,
    "west_side_1_front": 0.06078582318409794,
    "west_side_2_front": 0.02611381397987784,
    "west_side_3_front": 0.0126204854304536,
    "west_side_4_front": 0.0068146505473572535
  },
  "west_side_0": {
    "east_side_0_front": 0.13330851080858652,
    "east_side_1_front": 0.09575886742862655,
    "east_side_2_front": 0.04344340760030864,
    "east_side_3_front": 0.017670060522762345,
    "east_side_4_front": 0.007694691599151235,
    "road_front": 0.3078918848861883
  },
  "west_side_1": {
    "east_side_0_front": 0.0957821729589989,
    "east_side_1_front": 0.13330867648750097,
    "east_side_2_front": 0.09575192572425645,
    "east_side_3_front": 0.04344635409359802,
    "east_side_4_front": 0.017668063373901047,
    "road_front": 0.12157164636819588
  },
  "west_side_2": {
    "east_side_0_front": 0.043445223441211205,
    "east_side_1_front": 0.09578199453555256,
    "east_side_2_front": 0.13330796523731755,
    "east_side_3_front": 0.09575371073414027,
    "east_side_4_front": 0.04344827951853711,
    "road_front": 0.05222762795975568
  },
  "west_side_3": {
    "east_side_0_front": 0.017677290202574844,
    "east_side_1_front": 0.04344605820804949,
    "east_side_2_front": 0.09578182318640144,
    "east_side_3_front": 0.13330763956322583,
    "east_side_4_front": 0.0957527442083287,
    "road_front": 0.0252409708609072
  },
  "west_side_4": {
    "east_side_0_front": 0.007692268086223997,
    "east_side_1_front": 0.017676538275193797,
    "east_side_2_front": 0.04344640533453652,
    "east_side_3_front": 0.0957814783550102,
    "east_side_4_front": 0.13330778643585545,
    "road_front": 0.013629301094714507
  }
}