{
  "east_side_0": {
    "road_front": 0.30783561390532543,
    "west_side_0_front": 0.13332516642011835,
    "west_side_1_front": 0.09596662352071006,
    "west_side_2_front": 0.04345460428994083,
    "west_side_3_front": 0.01758182322485207,
    "west_side_4_front": 0.007730676775147929
  },
  "east_side_1": {
    "road_front": 0.12147050665680473,
    "west_side_0_front": 0.09566105769230769,
    "west_side_1_front": 0.13332932692307692,
    "west_side_2_front": 0.09598234097633136,
    "west_side_3_front": 0.04345737795857988,
    "west_side_4_front": 0.01759060650887574
  },
  "east_side_2": {
    "road_front": 0.0523280325443787,
    "west_side_0_front": 0.043302052514792896,
    "west_side_1_front": 0.09566244452662721,
    "west_side_2_front": 0.13335567677514792,
    "west_side_3_front": 0.09596523668639054,
    "west_side_4_front": 0.043394508136094675
  },
  "east_side_3": {
    "road_front": 0.02521819526627219,
    "west_side_0_front": 0.017719582100591717,
    "west_side_1_front": 0.04324380547337278,
    "west_side_2_front": 0.0956975776627219,
    "west_side_3_front": 0.13336168639053256,
    "west_side_4_front": 0.09589820636094674
  },
  "east_side_4": {
    "road_front": 0.013664016272189348,
    "west_side_0_front": 0.007663646449704142,
    "west_side_1_front": 0.01771033653846154,
    "west_side_2_front": 0.043208210059171595,
    "west_side_3_front": 0.09574519230769231,
    "west_side_4_front": 0.13334504437869824
  },
  "road": {
    "east_side_0_front": 0.15393976658950617,
    "east_side_1_front": 0.06079475308641975,
    "east_side_2_front": 0.026089409722222224,
    "east_side_3_front": 0.012620563271604938,
    "east_side_4_front": 0.006831597222222222,
    "west_side_0_front": 0.1539190297067901,
    "west_side_1_front": 0.06081259645061728,
    "west_side_2_front": 0.026127748842592592,
    "west_side_3_front": 0.012620081018518518,
    "west_side_4_front": 0.006793981481481482
  },
  "west_side_0": {
    "east_side_0_front": 0.13334781804733728,
    "east_side_1_front": 0.09567816198224852,
    "east_side_2_front": 0.0433644600591716,
    "east_side_3_front": 0.017645617603550295,
    "east_side_4_front": 0.007721431213017752,
    "road_front": 0.3080588942307692
  },
  "west_side_1": {
    "east_side_0_front": 0.09601146449704143,
    "east_side_1_front": 0.13333672337278107,
    "east_side_2_front": 0.09570959689349112,
    "east_side_3_front": 0.04337278106508876,
    "east_side_4_front": 0.01764700443786982,
    "road_front": 0.12163369082840236
  },
  "west_side_2": {
    "east_side_0_front": 0.043480029585798816,
    "east_side_1_front": 0.0959846523668639,
    "east_side_2_front": 0.13337832840236685,
    "east_side_3_front": 0.09563933062130177,
    "east_side_4_front": 0.043386649408284024,
    "road_front": 0.05228365384615385
  },
  "west_side_3": {
    "east_side_0_front": 0.017628051035502957,
    "east_side_1_front": 0.04347078402366864,
    "east_side_2_front": 0.0959633875739645,
    "east_side_3_front": 0.13338757396449705,
    "east_side_4_front": 0.09565366124260355,
    "road_front": 0.025280602810650886
  },
  "west_side_4": {
    "east_side_0_front": 0.0077029400887573965,
    "east_side_1_front": 0.017622041420118344,
    "east_side_2_front": 0.04347355769230769,
    "east_side_3_front": 0.09599389792899408,
    "east_side_4_front": 0.13330020340236687,
    "road_front": 0.013664478550295858
  }
}